user_id,name
"1","Soundproof"
"1","gym"
"1","favs"
"1","Hustle"
"1","the cherry on top"
"1","the cherry on top"
"3","insomnia"
"3","gym"
"3","Hustle"
"4","Hustle"
"4","gym"
"4","Hustle"
"5","Soundproof"
"5","random stuff"
"5","gym"
"6","moody"
"6","the cherry on top"
"6","the cherry on top"
"7","Soundproof"
"7","color change"
"8","Mix"
"8","Soundproof"
"9","uncategorized"
"9","my mix"
"9","the cherry on top"
"10","Early Bird"
"10","the best"
"10","the best"
"10","uncategorized"
"10","oldies"
"11","color change"
"11","the best"
"11","moody"
"11","Mix"
"11","Soundproof"
"12","moody"
"12","my mix"
"12","gym"
"12","uncategorized"
"13","insomnia"
"14","Soundproof"
"14","the best"
"14","Favorites"
"14","on repeat"
"14","insomnia"
"15","Hustle"
"16","moody"
"16","my mix"
"16","Mix"
"16","Mix"
"16","Soundproof"
"17","Early Bird"
"18","vibin'"
"18","the best"
"18","color change"
"18","color change"
"18","on repeat"
"20","random stuff"
"21","Playlist #1"
"21","uncategorized"
"21","oldies"
"22","uncategorized"
"22","random stuff"
"22","on repeat"
"22","moody"
"22","moody"
"23","random stuff"
"23","Early Bird"
"23","uncategorized"
"23","my mix"
"23","uncategorized"
"23","the best"
"24","Favorites"
"24","oldies"
"24","insomnia"
"25","on repeat"
"25","oldies"
"26","vibin'"
"26","on repeat"
"26","vibin'"
"26","oldies"
"26","the cherry on top"
"26","Playlist #6"
"27","the best"
"27","gym"
"27","insomnia"
"27","rocking!!"
"28","Soundproof"
"28","vibin'"
"28","Mix"
"29","gym"
"29","uncategorized"
"29","rocking!!"
"29","Early Bird"
"29","gym"
"30","Favorites"
"30","random stuff"
"30","Playlist #3"
"31","uncategorized"
"31","Favorites"
"31","color change"
"31","random stuff"
"34","gym"
"34","Mix"
"34","Mix"
"34","the cherry on top"
"36","gym"
"36","moody"
"37","late night jams"
"37","Mix"
"37","Early Bird"
"37","vibin'"
"37","Favorites"
"37","Favorites"
"37","Hustle"
"37","gym"
"38","random stuff"
"38","Early Bird"
"38","gym"
"38","Playlist #4"
"40","my mix"
"40","vibin'"
"41","Playlist #1"
"41","favs"
"42","Playlist #1"
"42","uncategorized"
"43","late night jams"
"43","Hustle"
"44","gym"
"44","gym"
"45","vibin'"
"45","uncategorized"
"45","uncategorized"
"45","Playlist #4"
"45","Soundproof"
"45","uncategorized"
"45","late night jams"
"46","rocking!!"
"46","Soundproof"
"46","color change"
"46","uncategorized"
"47","Early Bird"
"47","color change"
"47","the best"
"49","Hustle"
"49","moody"
"49","late night jams"
"50","late night jams"
"51","rocking!!"
"51","the best"
"51","rocking!!"
"52","the best"
"53","the cherry on top"
"53","oldies"
"53","Hustle"
"53","rocking!!"
"54","Hustle"
"54","vibin'"
"54","insomnia"
"55","Early Bird"
"55","Favorites"
"55","the cherry on top"
"55","insomnia"
"55","Soundproof"
"56","Favorites"
"56","uncategorized"
"56","uncategorized"
"57","gym"
"57","uncategorized"
"57","Favorites"
"57","favs"
"57","my mix"
"58","Favorites"
"59","gym"
"59","late night jams"
"60","Playlist #1"
"62","Mix"
"62","Soundproof"
"63","my mix"
"63","random stuff"
"64","Favorites"
"64","rocking!!"
"64","gym"
"64","Playlist #4"
"65","uncategorized"
"65","gym"
"66","rocking!!"
"67","oldies"
"68","uncategorized"
"68","color change"
"68","the cherry on top"
"68","uncategorized"
"69","Soundproof"
"69","random stuff"
"69","my mix"
"70","Favorites"
"70","random stuff"
"70","moody"
"71","uncategorized"
"71","Mix"
"71","random stuff"
"71","Hustle"
"71","color change"
"72","insomnia"
"72","late night jams"
"73","color change"
"73","color change"
"73","my mix"
"73","Early Bird"
"73","vibin'"
"73","Playlist #6"
"73","on repeat"
"73","moody"
"73","uncategorized"
"74","gym"
"74","Early Bird"
"74","on repeat"
"74","on repeat"
"74","insomnia"
"74","the cherry on top"
"75","Early Bird"
"75","late night jams"
"75","favs"
"75","rocking!!"
"76","gym"
"76","vibin'"
"77","gym"
"77","Favorites"
"77","vibin'"
"77","rocking!!"
"79","color change"
"79","rocking!!"
"79","random stuff"
"79","Early Bird"
"79","the cherry on top"
"79","gym"
"80","uncategorized"
"80","the best"
"80","insomnia"
"82","rocking!!"
"82","the cherry on top"
"83","Hustle"
"83","the best"
"83","on repeat"
"84","moody"
"85","rocking!!"
"85","color change"
"87","Mix"
"87","color change"
"87","Hustle"
"87","late night jams"
"87","late night jams"
"88","random stuff"
"88","insomnia"
"88","rocking!!"
"88","Favorites"
"88","Favorites"
"88","rocking!!"
"89","the best"
"89","the best"
"89","the cherry on top"
"89","vibin'"
"89","gym"
"89","color change"
"90","late night jams"
"90","rocking!!"
"90","gym"
"91","oldies"
"91","on repeat"
"91","on repeat"
"91","oldies"
"91","color change"
"91","color change"
"91","late night jams"
"92","random stuff"
"92","vibin'"
"92","color change"
"92","late night jams"
"92","the best"
"93","insomnia"
"93","the best"
"93","Mix"
"93","Soundproof"
"93","rocking!!"
"93","rocking!!"
"94","Soundproof"
"95","oldies"
"95","the cherry on top"
"95","gym"
"96","Mix"
"96","oldies"
"96","late night jams"
"96","moody"
"96","Favorites"
"97","the cherry on top"
"97","color change"
"97","color change"
"98","Hustle"
"99","on repeat"
"99","favs"
"99","random stuff"
"100","rocking!!"
"100","the best"
"100","my mix"
"101","oldies"
"101","the best"
"101","oldies"
"101","late night jams"
"102","favs"
"102","on repeat"
"102","moody"
"102","favs"
"103","Soundproof"
"103","Playlist #2"
"103","oldies"
"103","color change"
"103","Playlist #5"
"104","vibin'"
"104","Hustle"
"104","gym"
"104","uncategorized"
"104","Favorites"
"106","rocking!!"
"106","uncategorized"
"107","my mix"
"107","on repeat"
"107","Playlist #3"
"107","gym"
"108","late night jams"
"108","random stuff"
"109","the cherry on top"
"109","insomnia"
"109","Favorites"
"109","random stuff"
"109","Hustle"
"110","moody"
"110","uncategorized"
"110","Hustle"
"110","favs"
"110","vibin'"
"111","moody"
"111","gym"
"111","Mix"
"111","Favorites"
"111","my mix"
"112","Mix"
"113","random stuff"
"113","Early Bird"
"113","rocking!!"
"113","rocking!!"
"114","Mix"
"114","moody"
"114","rocking!!"
"114","random stuff"
"115","Favorites"
"115","my mix"
"115","the best"
"115","Early Bird"
"115","vibin'"
"115","vibin'"
"116","the cherry on top"
"116","insomnia"
"116","vibin'"
"117","vibin'"
"117","vibin'"
"118","Hustle"
"119","gym"
"119","Soundproof"
"119","favs"
"119","my mix"
"119","rocking!!"
"119","on repeat"
"119","on repeat"
"119","the cherry on top"
"119","late night jams"
"120","oldies"
"120","the cherry on top"
"120","gym"
"122","the cherry on top"
"123","rocking!!"
"123","on repeat"
"123","the best"
"124","vibin'"
"124","moody"
"124","Early Bird"
"124","on repeat"
"124","rocking!!"
"124","the cherry on top"
"124","insomnia"
"124","Soundproof"
"125","Playlist #1"
"126","gym"
"127","the best"
"128","Early Bird"
"128","favs"
"128","late night jams"
"128","color change"
"129","Mix"
"129","the cherry on top"
"129","Early Bird"
"130","moody"
"131","Mix"
"131","uncategorized"
"131","Mix"
"131","oldies"
"132","gym"
"132","the best"
"133","random stuff"
"134","uncategorized"
"134","color change"
"134","gym"
"134","Mix"
"135","random stuff"
"135","Soundproof"
"136","Favorites"
"137","gym"
"137","gym"
"138","uncategorized"
"138","color change"
"138","the cherry on top"
"138","Soundproof"
"138","Hustle"
"139","late night jams"
"139","late night jams"
"139","moody"
"139","Early Bird"
"140","Early Bird"
"140","uncategorized"
"140","color change"
"140","Favorites"
"140","gym"
"140","Mix"
"141","rocking!!"
"141","Favorites"
"141","rocking!!"
"141","insomnia"
"142","oldies"
"142","gym"
"142","Favorites"
"142","Playlist #4"
"144","Early Bird"
"144","uncategorized"
"144","my mix"
"145","oldies"
"146","Favorites"
"147","oldies"
"147","Hustle"
"147","random stuff"
"147","color change"
"147","Playlist #5"
"148","vibin'"
"148","Soundproof"
"148","uncategorized"
"148","oldies"
"149","rocking!!"
"149","Soundproof"
"149","color change"
"150","Favorites"
"150","late night jams"
"151","Soundproof"
"152","vibin'"
"152","random stuff"
"152","uncategorized"
"152","Mix"
"152","oldies"
"152","Favorites"
"153","vibin'"
"153","vibin'"
"153","gym"
"153","favs"
"153","on repeat"
"153","moody"
"154","oldies"
"154","Soundproof"
"154","Hustle"
"155","vibin'"
"156","my mix"
"156","on repeat"
"156","Soundproof"
"157","on repeat"
"157","vibin'"
"157","gym"
"157","uncategorized"
"157","insomnia"
"160","Soundproof"
"160","Hustle"
"160","gym"
"160","moody"
"161","gym"
"161","gym"
"161","Favorites"
"161","random stuff"
"162","late night jams"
"163","the cherry on top"
"163","the cherry on top"
"163","the cherry on top"
"164","vibin'"
"164","color change"
"164","uncategorized"
"166","the cherry on top"
"166","uncategorized"
"167","Early Bird"
"167","gym"
"167","Mix"
"168","Soundproof"
"168","vibin'"
"168","vibin'"
"168","the cherry on top"
"168","Early Bird"
"170","Hustle"
"170","gym"
"170","uncategorized"
"171","late night jams"
"171","vibin'"
"171","insomnia"
"171","my mix"
"171","rocking!!"
"172","Playlist #1"
"173","late night jams"
"173","rocking!!"
"174","Early Bird"
"174","late night jams"
"174","Soundproof"
"174","late night jams"
"175","Early Bird"
"175","color change"
"175","the cherry on top"
"176","Early Bird"
"176","late night jams"
"177","on repeat"
"177","the cherry on top"
"178","color change"
"178","the cherry on top"
"178","insomnia"
"179","uncategorized"
"179","Soundproof"
"179","favs"
"180","the cherry on top"
"180","favs"
"180","Favorites"
"181","random stuff"
"181","the best"
"182","gym"
"182","Mix"
"183","insomnia"
"183","the cherry on top"
"183","on repeat"
"183","Hustle"
"183","insomnia"
"184","the cherry on top"
"184","color change"
"185","vibin'"
"185","Playlist #2"
"188","my mix"
"188","Hustle"
"188","my mix"
"188","the best"
"189","gym"
"189","gym"
"189","the cherry on top"
"189","Soundproof"
"190","my mix"
"190","uncategorized"
"190","Early Bird"
"190","the best"
"191","gym"
"192","the best"
"192","insomnia"
"192","Hustle"
"192","the best"
"192","color change"
"192","the best"
"193","the best"
"193","Mix"
"193","insomnia"
"193","my mix"
"195","my mix"
"195","vibin'"
"195","Hustle"
"196","late night jams"
"196","rocking!!"
"196","favs"
"196","on repeat"
"196","the best"
"196","random stuff"
"197","Mix"
"197","gym"
"198","Mix"
"198","Hustle"
"198","my mix"
"198","Early Bird"
"198","the cherry on top"
"199","the best"
"199","late night jams"
"199","Playlist #3"
"200","late night jams"
"200","rocking!!"
"200","Favorites"
"200","the cherry on top"
"200","oldies"
"200","vibin'"
"201","my mix"
"201","rocking!!"
"201","Hustle"
"201","the best"
"201","random stuff"
"201","Early Bird"
"202","Soundproof"
"202","Favorites"
"202","moody"
"203","random stuff"
"203","late night jams"
"204","Hustle"
"204","Favorites"
"204","on repeat"
"204","favs"
"205","color change"
"206","Hustle"
"207","Favorites"
"207","rocking!!"
"208","Soundproof"
"208","vibin'"
"208","color change"
"209","Early Bird"
"209","gym"
"209","Early Bird"
"209","Mix"
"209","Favorites"
"209","insomnia"
"209","random stuff"
"209","insomnia"
"210","Hustle"
"211","Soundproof"
"211","color change"
"211","late night jams"
"211","my mix"
"212","rocking!!"
"212","Playlist #2"
"212","Early Bird"
"213","late night jams"
"213","Hustle"
"214","favs"
"214","Mix"
"214","the cherry on top"
"214","Hustle"
"215","late night jams"
"215","random stuff"
"215","Favorites"
"215","vibin'"
"215","the cherry on top"
"215","moody"
"216","oldies"
"216","on repeat"
"216","Hustle"
"216","the best"
"216","late night jams"
"216","vibin'"
"217","the best"
"217","Mix"
"217","Early Bird"
"218","random stuff"
"218","random stuff"
"218","late night jams"
"219","Playlist #1"
"219","Hustle"
"219","uncategorized"
"219","color change"
"219","the cherry on top"
"220","rocking!!"
"220","my mix"
"221","Early Bird"
"222","the cherry on top"
"222","insomnia"
"223","the cherry on top"
"223","Soundproof"
"223","gym"
"224","gym"
"224","Soundproof"
"224","oldies"
"224","Hustle"
"225","vibin'"
"225","favs"
"226","gym"
"226","late night jams"
"226","Soundproof"
"227","oldies"
"228","oldies"
"228","Early Bird"
"228","late night jams"
"229","Mix"
"229","Favorites"
"229","moody"
"230","Soundproof"
"230","moody"
"230","color change"
"230","Hustle"
"230","favs"
"230","Early Bird"
"230","Playlist #7"
"231","moody"
"231","Hustle"
"231","favs"
"231","moody"
"232","rocking!!"
"232","random stuff"
"232","Favorites"
"232","on repeat"
"233","my mix"
"233","late night jams"
"233","Mix"
"233","Mix"
"233","oldies"
"234","Hustle"
"234","rocking!!"
"234","Playlist #3"
"235","random stuff"
"235","Soundproof"
"235","oldies"
"235","my mix"
"236","gym"
"236","uncategorized"
"236","the cherry on top"
"237","Soundproof"
"238","Mix"
"238","oldies"
"238","vibin'"
"238","random stuff"
"239","Early Bird"
"239","the cherry on top"
"239","Hustle"
"240","rocking!!"
"240","my mix"
"241","vibin'"
"241","Playlist #2"
"241","color change"
"241","Hustle"
"241","rocking!!"
"241","color change"
"241","the best"
"242","favs"
"242","the best"
"243","the cherry on top"
"243","rocking!!"
"244","moody"
"244","on repeat"
"244","vibin'"
"245","on repeat"
"245","oldies"
"245","color change"
"245","the cherry on top"
"245","my mix"
"245","Playlist #6"
"245","uncategorized"
"246","Favorites"
"246","Soundproof"
"246","color change"
"246","Favorites"
"246","moody"
"246","uncategorized"
"247","rocking!!"
"247","Mix"
"248","favs"
"248","Soundproof"
"249","color change"
"249","the cherry on top"
"249","favs"
"249","oldies"
"250","Soundproof"
"250","Hustle"
"250","moody"
"250","late night jams"
"250","rocking!!"
"250","late night jams"
"251","Early Bird"
"251","late night jams"
"251","color change"
"251","Hustle"
"251","Playlist #5"
"252","the cherry on top"
"252","late night jams"
"252","Hustle"
"252","gym"
"253","my mix"
"253","moody"
"253","vibin'"
"253","my mix"
"253","Soundproof"
"253","moody"
"253","color change"
"254","Early Bird"
"254","Mix"
"254","Playlist #3"
"254","vibin'"
"255","insomnia"
"255","Mix"
"255","Favorites"
"255","color change"
"255","uncategorized"
"256","my mix"
"256","Soundproof"
"256","the cherry on top"
"256","on repeat"
"256","late night jams"
"256","gym"
"257","moody"
"257","Favorites"
"257","Mix"
"257","on repeat"
"258","on repeat"
"258","the best"
"258","favs"
"258","moody"
"259","vibin'"
"259","late night jams"
"259","vibin'"
"259","Mix"
"259","Favorites"
"260","random stuff"
"260","Hustle"
"260","Hustle"
"260","rocking!!"
"262","random stuff"
"262","favs"
"262","Playlist #3"
"263","Favorites"
"263","rocking!!"
"264","vibin'"
"264","random stuff"
"264","insomnia"
"264","Soundproof"
"264","moody"
"264","Hustle"
"265","rocking!!"
"265","insomnia"
"265","oldies"
"265","favs"
"266","vibin'"
"266","vibin'"
"266","late night jams"
"266","Soundproof"
"267","gym"
"267","Early Bird"
"267","Hustle"
"267","Hustle"
"267","on repeat"
"269","vibin'"
"269","Hustle"
"269","the best"
"269","vibin'"
"270","color change"
"270","Favorites"
"270","favs"
"271","Mix"
"271","color change"
"272","color change"
"273","Playlist #1"
"273","late night jams"
"273","Hustle"
"274","Mix"
"275","insomnia"
"275","the cherry on top"
"276","random stuff"
"277","insomnia"
"277","color change"
"278","Soundproof"
"278","my mix"
"278","the cherry on top"
"278","favs"
"278","Hustle"
"278","Mix"
"278","on repeat"
"278","color change"
"279","insomnia"
"279","moody"
"279","late night jams"
"280","the best"
"280","Hustle"
"280","random stuff"
"281","uncategorized"
"281","Favorites"
"282","the cherry on top"
"282","uncategorized"
"284","favs"
"284","color change"
"284","uncategorized"
"284","uncategorized"
"284","uncategorized"
"284","the cherry on top"
"285","oldies"
"285","vibin'"
"286","insomnia"
"286","Favorites"
"287","late night jams"
"287","on repeat"
"287","on repeat"
"288","Hustle"
"288","on repeat"
"288","the best"
"289","oldies"
"289","on repeat"
"290","moody"
"291","random stuff"
"291","Favorites"
"291","oldies"
"291","Early Bird"
"292","gym"
"292","gym"
"292","Playlist #3"
"293","moody"
"293","Favorites"
"293","random stuff"
"293","vibin'"
"293","vibin'"
"294","Favorites"
"294","Playlist #2"
"294","gym"
"294","Favorites"
"294","Hustle"
"294","insomnia"
"295","favs"
"295","late night jams"
"295","Hustle"
"296","Soundproof"
"296","favs"
"296","favs"
"297","Hustle"
"297","Mix"
"297","Mix"
"297","insomnia"
"297","late night jams"
"297","vibin'"
"298","oldies"
"299","the cherry on top"
"299","gym"
"299","late night jams"
"300","Soundproof"
"300","the best"
"300","the best"
"301","Hustle"
"302","Early Bird"
"302","my mix"
"302","my mix"
"302","Favorites"
"303","moody"
"303","Early Bird"
"303","on repeat"
"304","vibin'"
"304","rocking!!"
"304","Mix"
"304","Early Bird"
"304","my mix"
"305","rocking!!"
"305","color change"
"306","Hustle"
"306","vibin'"
"306","the cherry on top"
"307","oldies"
"307","Favorites"
"307","the best"
"307","on repeat"
"307","the best"
"308","my mix"
"308","color change"
"308","on repeat"
"309","late night jams"
"309","random stuff"
"309","Hustle"
"309","oldies"
"309","Early Bird"
"310","Favorites"
"310","gym"
"310","Favorites"
"310","rocking!!"
"310","random stuff"
"311","Playlist #1"
"311","Playlist #2"
"311","Soundproof"
"312","late night jams"
"313","Mix"
"313","moody"
"313","favs"
"313","the best"
"313","my mix"
"313","vibin'"
"314","rocking!!"
"314","uncategorized"
"316","Early Bird"
"317","Playlist #1"
"317","random stuff"
"318","vibin'"
"318","oldies"
"318","vibin'"
"318","color change"
"319","vibin'"
"320","the best"
"320","Early Bird"
"320","my mix"
"320","Early Bird"
"320","oldies"
"321","insomnia"
"322","Favorites"
"322","uncategorized"
"322","gym"
"322","Early Bird"
"323","color change"
"323","my mix"
"324","insomnia"
"324","Soundproof"
"324","moody"
"324","vibin'"
"325","Hustle"
"325","Favorites"
"325","the best"
"326","on repeat"
"326","the best"
"326","Favorites"
"327","color change"
"328","the best"
"328","my mix"
"328","Hustle"
"329","vibin'"
"329","Playlist #2"
"329","insomnia"
"330","Soundproof"
"331","color change"
"331","color change"
"332","uncategorized"
"332","random stuff"
"332","vibin'"
"334","Mix"
"334","the best"
"334","my mix"
"335","Playlist #1"
"335","late night jams"
"336","moody"
"336","moody"
"336","insomnia"
"337","rocking!!"
"337","the best"
"337","oldies"
"337","the best"
"338","Soundproof"
"338","late night jams"
"338","oldies"
"338","late night jams"
"338","Mix"
"339","rocking!!"
"339","rocking!!"
"340","rocking!!"
"340","random stuff"
"340","my mix"
"342","Mix"
"343","on repeat"
"343","random stuff"
"343","Early Bird"
"344","on repeat"
"344","favs"
"345","color change"
"346","color change"
"346","uncategorized"
"347","Early Bird"
"347","the cherry on top"
"347","Favorites"
"348","the cherry on top"
"348","Mix"
"348","late night jams"
"348","my mix"
"348","moody"
"349","Playlist #1"
"349","rocking!!"
"350","Playlist #1"
"351","Mix"
"351","Playlist #2"
"351","my mix"
"352","oldies"
"352","oldies"
"353","the best"
"353","gym"
"353","oldies"
"353","the best"
"353","the best"
"354","uncategorized"
"354","my mix"
"354","random stuff"
"354","Favorites"
"355","my mix"
"355","gym"
"355","oldies"
"355","Early Bird"
"355","Hustle"
"356","random stuff"
"356","color change"
"357","the best"
"357","the cherry on top"
"358","Favorites"
"358","late night jams"
"359","color change"
"359","Hustle"
"359","oldies"
"360","Favorites"
"360","Mix"
"360","insomnia"
"360","vibin'"
"361","Soundproof"
"361","oldies"
"363","oldies"
"364","Soundproof"
"364","the best"
"364","Playlist #3"
"365","Hustle"
"365","Mix"
"365","Playlist #3"
"365","late night jams"
"366","my mix"
"366","my mix"
"366","late night jams"
"366","late night jams"
"366","Early Bird"
"367","rocking!!"
"367","color change"
"367","on repeat"
"368","rocking!!"
"368","moody"
"368","the best"
"369","the best"
"369","rocking!!"
"370","Soundproof"
"370","vibin'"
"370","rocking!!"
"370","moody"
"371","Mix"
"371","moody"
"371","Hustle"
"371","vibin'"
"371","gym"
"371","Mix"
"371","favs"
"371","oldies"
"372","random stuff"
"372","the cherry on top"
"372","color change"
"372","Soundproof"
"373","the best"
"373","Favorites"
"374","the best"
"375","gym"
"375","oldies"
"375","insomnia"
"375","Favorites"
"378","favs"
"378","the cherry on top"
"378","Soundproof"
"380","the best"
"380","oldies"
"380","uncategorized"
"380","moody"
"380","Hustle"
"380","on repeat"
"381","the cherry on top"
"382","gym"
"382","moody"
"382","Hustle"
"382","gym"
"383","Playlist #1"
"383","color change"
"383","gym"
"384","rocking!!"
"384","the cherry on top"
"384","Soundproof"
"384","insomnia"
"385","rocking!!"
"385","Mix"
"385","moody"
"385","gym"
"385","on repeat"
"386","the cherry on top"
"386","Hustle"
"386","rocking!!"
"386","uncategorized"
"387","late night jams"
"387","the best"
"388","Early Bird"
"388","Mix"
"388","my mix"
"388","color change"
"388","vibin'"
"389","gym"
"390","on repeat"
"390","late night jams"
"391","vibin'"
"392","Playlist #1"
"394","moody"
"394","Soundproof"
"394","Mix"
"395","the best"
"396","vibin'"
"396","moody"
"397","Hustle"
"397","Early Bird"
"397","Early Bird"
"397","moody"
"398","color change"
"399","late night jams"
"399","Soundproof"
"399","moody"
"400","on repeat"
"401","Soundproof"
"401","my mix"
"403","moody"
"403","vibin'"
"403","uncategorized"
"403","insomnia"
"404","random stuff"
"404","favs"
"405","gym"
"405","insomnia"
"405","rocking!!"
"405","the best"
"406","on repeat"
"406","rocking!!"
"408","insomnia"
"408","on repeat"
"408","the best"
"409","rocking!!"
"409","gym"
"409","oldies"
"409","insomnia"
"409","Early Bird"
"410","the cherry on top"
"410","gym"
"412","moody"
"412","the best"
"412","Playlist #3"
"412","late night jams"
"412","Hustle"
"413","the cherry on top"
"413","Soundproof"
"413","Playlist #3"
"413","Soundproof"
"413","insomnia"
"413","oldies"
"415","favs"
"415","random stuff"
"416","my mix"
"416","Mix"
"416","rocking!!"
"416","color change"
"416","Hustle"
"416","on repeat"
"416","favs"
"417","late night jams"
"418","favs"
"418","favs"
"418","rocking!!"
"419","rocking!!"
"419","insomnia"
"419","uncategorized"
"419","Playlist #4"
"419","Mix"
"420","Favorites"
"420","late night jams"
"420","Favorites"
"420","insomnia"
"420","random stuff"
"421","Mix"
"421","uncategorized"
"422","on repeat"
"422","late night jams"
"422","favs"
"422","gym"
"422","moody"
"422","rocking!!"
"424","the best"
"424","gym"
"424","Soundproof"
"424","moody"
"424","gym"
"425","moody"
"425","gym"
"425","oldies"
"425","Hustle"
"425","Playlist #5"
"425","moody"
"426","the best"
"426","insomnia"
"426","oldies"
"427","color change"
"428","favs"
"428","color change"
"428","oldies"
"429","uncategorized"
"429","the best"
"429","color change"
"430","insomnia"
"431","the best"
"431","Early Bird"
"431","Soundproof"
"432","color change"
"432","insomnia"
"432","rocking!!"
"433","favs"
"433","favs"
"433","oldies"
"434","late night jams"
"434","oldies"
"435","Favorites"
"436","on repeat"
"436","uncategorized"
"436","color change"
"436","late night jams"
"437","gym"
"437","oldies"
"437","uncategorized"
"438","oldies"
"438","oldies"
"438","rocking!!"
"438","the cherry on top"
"438","vibin'"
"439","on repeat"
"439","uncategorized"
"439","Mix"
"439","on repeat"
"440","Playlist #1"
"440","my mix"
"440","gym"
"440","oldies"
"440","Mix"
"441","Soundproof"
"441","insomnia"
"441","color change"
"442","vibin'"
"442","Early Bird"
"442","Hustle"
"443","my mix"
"443","Favorites"
"443","my mix"
"444","Hustle"
"445","favs"
"447","vibin'"
"448","Mix"
"448","favs"
"448","favs"
"448","insomnia"
"448","the cherry on top"
"448","uncategorized"
"448","late night jams"
"449","Playlist #1"
"449","moody"
"451","rocking!!"
"451","on repeat"
"451","gym"
"451","Soundproof"
"451","random stuff"
"452","moody"
"452","vibin'"
"453","vibin'"
"455","Playlist #1"
"455","vibin'"
"455","moody"
"455","the best"
"456","my mix"
"456","random stuff"
"456","my mix"
"457","on repeat"
"458","color change"
"458","insomnia"
"460","my mix"
"460","Hustle"
"461","color change"
"461","favs"
"461","Mix"
"462","Playlist #1"
"462","gym"
"462","oldies"
"463","Playlist #1"
"464","insomnia"
"464","Hustle"
"464","the cherry on top"
"464","Favorites"
"465","on repeat"
"465","Playlist #2"
"465","color change"
"465","the cherry on top"
"466","on repeat"
"467","random stuff"
"467","oldies"
"468","color change"
"468","late night jams"
"468","on repeat"
"469","my mix"
"469","vibin'"
"470","Mix"
"471","color change"
"471","Mix"
"471","vibin'"
"471","Hustle"
"472","insomnia"
"472","color change"
"472","insomnia"
"473","Hustle"
"473","vibin'"
"474","uncategorized"
"474","late night jams"
"474","favs"
"474","favs"
"474","Favorites"
"475","gym"
"476","uncategorized"
"476","color change"
"476","oldies"
"476","on repeat"
"476","favs"
"478","color change"
"478","the best"
"478","color change"
"478","oldies"
"479","oldies"
"479","color change"
"479","Early Bird"
"479","insomnia"
"479","uncategorized"
"479","insomnia"
"479","Early Bird"
"480","Early Bird"
"480","moody"
"481","Early Bird"
"481","late night jams"
"481","favs"
"482","on repeat"
"483","color change"
"483","Mix"
"484","rocking!!"
"484","vibin'"
"484","on repeat"
"484","random stuff"
"484","color change"
"484","vibin'"
"485","the best"
"486","late night jams"
"487","random stuff"
"487","Mix"
"487","uncategorized"
"487","oldies"
"488","oldies"
"488","Playlist #2"
"488","Early Bird"
"489","Mix"
"489","insomnia"
"489","Early Bird"
"489","color change"
"490","Early Bird"
"490","my mix"
"490","my mix"
"490","Early Bird"
"490","Early Bird"
"491","Favorites"
"491","oldies"
"491","Playlist #3"
"491","random stuff"
"492","color change"
"492","favs"
"492","gym"
"492","oldies"
"493","Favorites"
"493","on repeat"
"493","Hustle"
"493","gym"
"493","the cherry on top"
"494","Playlist #1"
"494","the best"
"496","color change"
"496","vibin'"
"497","random stuff"
"497","uncategorized"
"497","favs"
"498","Soundproof"
"498","uncategorized"
"498","oldies"
"498","late night jams"
"498","rocking!!"
"498","color change"
"498","oldies"
"499","late night jams"
"499","late night jams"
"500","Early Bird"
"500","insomnia"
"500","Mix"
"500","oldies"
"500","Mix"
"501","Early Bird"
"501","the best"
"501","late night jams"
"501","random stuff"
"501","rocking!!"
"502","Mix"
"503","random stuff"
"503","Soundproof"
"504","gym"
"504","the cherry on top"
"504","the best"
"505","Hustle"
"505","Playlist #2"
"506","the cherry on top"
"506","Favorites"
"507","late night jams"
"507","Mix"
"508","random stuff"
"508","Favorites"
"508","late night jams"
"508","rocking!!"
"508","color change"
"509","Early Bird"
"509","random stuff"
"510","moody"
"510","Playlist #2"
"510","random stuff"
"511","Mix"
"511","uncategorized"
"511","late night jams"
"511","moody"
"511","oldies"
"513","uncategorized"
"513","the best"
"513","late night jams"
"513","favs"
"513","my mix"
"514","the cherry on top"
"514","late night jams"
"514","vibin'"
"514","rocking!!"
"514","gym"
"514","gym"
"516","the best"
"516","oldies"
"516","on repeat"
"516","the best"
"516","Favorites"
"519","Mix"
"520","moody"
"520","Playlist #2"
"520","on repeat"
"520","rocking!!"
"520","on repeat"
"520","Mix"
"522","my mix"
"522","the cherry on top"
"523","my mix"
"523","favs"
"523","my mix"
"524","my mix"
"524","favs"
"525","random stuff"
"525","color change"
"525","favs"
"526","gym"
"527","the best"
"527","color change"
"527","uncategorized"
"528","the cherry on top"
"528","Mix"
"528","insomnia"
"528","Playlist #4"
"528","color change"
"529","Hustle"
"529","Soundproof"
"529","the best"
"529","insomnia"
"529","vibin'"
"530","rocking!!"
"530","moody"
"531","color change"
"531","late night jams"
"533","the cherry on top"
"534","Favorites"
"534","Favorites"
"534","vibin'"
"535","vibin'"
"535","Mix"
"535","insomnia"
"536","Soundproof"
"536","Hustle"
"536","vibin'"
"536","Soundproof"
"536","random stuff"
"537","on repeat"
"538","gym"
"538","Early Bird"
"538","gym"
"538","my mix"
"538","vibin'"
"539","the cherry on top"
"539","on repeat"
"539","Soundproof"
"539","gym"
"540","on repeat"
"541","random stuff"
"541","color change"
"542","Playlist #1"
"542","Favorites"
"542","color change"
"544","Favorites"
"544","moody"
"544","color change"
"544","my mix"
"544","Mix"
"545","vibin'"
"546","Favorites"
"546","Playlist #2"
"546","oldies"
"548","Hustle"
"548","uncategorized"
"548","late night jams"
"549","random stuff"
"549","color change"
"550","Early Bird"
"550","Hustle"
"550","oldies"
"551","the best"
"551","on repeat"
"551","on repeat"
"551","gym"
"551","gym"
"551","favs"
"552","gym"
"552","Mix"
"552","random stuff"
"552","Hustle"
"552","uncategorized"
"552","insomnia"
"553","the cherry on top"
"553","moody"
"554","the best"
"554","Soundproof"
"554","the cherry on top"
"554","oldies"
"554","favs"
"554","late night jams"
"555","the best"
"555","the cherry on top"
"555","Soundproof"
"555","Mix"
"556","gym"
"556","oldies"
"556","on repeat"
"556","on repeat"
"557","color change"
"557","color change"
"557","rocking!!"
"557","color change"
"557","random stuff"
"558","late night jams"
"558","Playlist #2"
"558","on repeat"
"558","the cherry on top"
"559","Playlist #1"
"560","color change"
"560","color change"
"560","oldies"
"561","moody"
"561","rocking!!"
"562","my mix"
"562","Hustle"
"562","color change"
"562","the cherry on top"
"562","gym"
"563","my mix"
"563","vibin'"
"563","moody"
"563","oldies"
"563","gym"
"564","the cherry on top"
"564","gym"
"564","the cherry on top"
"564","insomnia"
"564","favs"
"565","Mix"
"565","Early Bird"
"565","random stuff"
"565","the best"
"566","random stuff"
"566","Mix"
"567","color change"
"567","Hustle"
"567","on repeat"
"567","late night jams"
"568","color change"
"568","rocking!!"
"568","rocking!!"
"568","rocking!!"
"569","moody"
"569","random stuff"
"570","Favorites"
"570","the best"
"570","moody"
"570","random stuff"
"570","on repeat"
"574","random stuff"
"574","vibin'"
"574","Mix"
"574","color change"
"574","Hustle"
"575","insomnia"
"575","late night jams"
"575","the best"
"576","Mix"
"576","Playlist #2"
"576","vibin'"
"576","oldies"
"577","random stuff"
"577","vibin'"
"578","the best"
"578","the best"
"578","Hustle"
"578","Hustle"
"578","Hustle"
"579","moody"
"579","oldies"
"579","color change"
"579","late night jams"
"579","moody"
"579","Hustle"
"580","Playlist #1"
"581","the cherry on top"
"581","favs"
"581","moody"
"582","Hustle"
"583","Early Bird"
"584","Mix"
"584","oldies"
"584","late night jams"
"584","random stuff"
"585","color change"
"585","the cherry on top"
"585","the best"
"585","uncategorized"
"586","color change"
"586","Early Bird"
"586","color change"
"586","Favorites"
"586","on repeat"
"587","insomnia"
"587","Soundproof"
"588","Hustle"
"588","favs"
"588","the best"
"588","Early Bird"
"589","favs"
"589","favs"
"589","rocking!!"
"589","oldies"
"589","oldies"
"589","favs"
"590","moody"
"591","Soundproof"
"591","Hustle"
"592","Favorites"
"592","insomnia"
"592","Mix"
"592","late night jams"
"593","rocking!!"
"593","Mix"
"593","moody"
"593","late night jams"
"594","Mix"
"594","oldies"
"594","rocking!!"
"594","favs"
"594","the best"
"595","oldies"
"595","the cherry on top"
"595","insomnia"
"595","moody"
"595","on repeat"
"595","random stuff"
"596","random stuff"
"596","moody"
"596","favs"
"597","gym"
"597","late night jams"
"598","oldies"
"598","favs"
"598","oldies"
"598","the best"
"598","on repeat"
"599","insomnia"
"599","on repeat"
"599","uncategorized"
"600","Soundproof"
"600","late night jams"
"602","the cherry on top"
"602","random stuff"
"602","Mix"
"602","color change"
"602","gym"
"602","color change"
"602","the cherry on top"
"604","Hustle"
"604","Hustle"
"604","the cherry on top"
"604","Playlist #4"
"604","my mix"
"605","vibin'"
"605","rocking!!"
"605","insomnia"
"605","my mix"
"605","color change"
"605","the cherry on top"
"606","Mix"
"606","the best"
"607","insomnia"
"607","my mix"
"608","on repeat"
"608","Soundproof"
"608","vibin'"
"608","favs"
"609","insomnia"
"609","uncategorized"
"609","Mix"
"610","Mix"
"610","Early Bird"
"612","Early Bird"
"612","Soundproof"
"612","Hustle"
"613","insomnia"
"614","Hustle"
"614","rocking!!"
"614","rocking!!"
"615","favs"
"615","random stuff"
"615","moody"
"616","random stuff"
"616","Favorites"
"616","Early Bird"
"616","favs"
"616","gym"
"616","moody"
"617","late night jams"
"617","insomnia"
"617","the cherry on top"
"617","Favorites"
"617","favs"
"617","Early Bird"
"618","Soundproof"
"618","rocking!!"
"618","rocking!!"
"618","oldies"
"618","rocking!!"
"619","moody"
"619","on repeat"
"619","Favorites"
"620","vibin'"
"620","Mix"
"620","on repeat"
"620","moody"
"620","Hustle"
"620","Hustle"
"621","Early Bird"
"621","late night jams"
"621","Soundproof"
"621","gym"
"621","late night jams"
"621","rocking!!"
"621","moody"
"621","random stuff"
"621","Hustle"
"623","moody"
"623","gym"
"623","Soundproof"
"623","color change"
"623","color change"
"623","vibin'"
"624","gym"
"624","random stuff"
"624","vibin'"
"624","Hustle"
"624","rocking!!"
"624","Mix"
"624","uncategorized"
"625","random stuff"
"625","Hustle"
"626","my mix"
"627","the best"
"627","favs"
"627","Favorites"
"627","moody"
"627","uncategorized"
"628","moody"
"628","Mix"
"629","oldies"
"630","color change"
"631","color change"
"631","my mix"
"631","Playlist #3"
"631","insomnia"
"631","the best"
"632","Soundproof"
"632","Mix"
"632","Favorites"
"632","vibin'"
"632","insomnia"
"633","my mix"
"633","insomnia"
"633","Favorites"
"633","insomnia"
"633","insomnia"
"634","the best"
"634","late night jams"
"634","the best"
"635","Mix"
"635","uncategorized"
"635","Early Bird"
"635","Mix"
"636","uncategorized"
"636","vibin'"
"637","oldies"
"638","favs"
"639","oldies"
"640","the cherry on top"
"641","Playlist #1"
"641","random stuff"
"641","uncategorized"
"641","on repeat"
"642","random stuff"
"642","the cherry on top"
"642","rocking!!"
"642","rocking!!"
"643","Hustle"
"644","Mix"
"644","the best"
"645","Favorites"
"645","Mix"
"645","rocking!!"
"645","Hustle"
"646","vibin'"
"647","Soundproof"
"647","uncategorized"
"648","random stuff"
"648","oldies"
"648","the best"
"649","late night jams"
"649","the cherry on top"
"649","Mix"
"649","the best"
"649","uncategorized"
"649","Early Bird"
"649","insomnia"
"649","gym"
"650","Hustle"
"650","gym"
"650","oldies"
"651","insomnia"
"651","vibin'"
"652","favs"
"653","uncategorized"
"653","moody"
"653","late night jams"
"654","insomnia"
"654","Soundproof"
"654","vibin'"
"655","rocking!!"
"655","Soundproof"
"655","uncategorized"
"655","favs"
"656","Soundproof"
"656","insomnia"
"657","Favorites"
"657","moody"
"658","uncategorized"
"659","Hustle"
"659","favs"
"660","oldies"
"662","moody"
"662","late night jams"
"662","Hustle"
"662","on repeat"
"663","the best"
"663","late night jams"
"664","rocking!!"
"664","moody"
"664","my mix"
"664","late night jams"
"665","moody"
"665","gym"
"665","Hustle"
"665","uncategorized"
"665","gym"
"666","uncategorized"
"667","late night jams"
"667","random stuff"
"668","on repeat"
"669","moody"
"669","insomnia"
"669","vibin'"
"670","the cherry on top"
"670","Playlist #2"
